Date,total_daily_volume,traffic_segment_rows,daily_crashes,persons_injured,persons_killed,hyperlocal_temp_daily_avg,injuries_per_crash,fatalities_per_crash
2012-09-28,72452.0,11,703,188.0,2.0,,0.267425320056899,0.002844950213371266
2012-09-29,340468.0,52,485,134.0,1.0,,0.27628865979381445,0.002061855670103093
2012-09-30,1153866.5,173,449,145.0,2.0,,0.32293986636971045,0.004454342984409799
2012-10-01,1162691.0,173,555,162.0,1.0,,0.2918918918918919,0.0018018018018018018
2012-10-02,1160570.0,173,593,191.0,0.0,,0.3220910623946037,0.0
2012-10-03,1183248.0,173,502,120.0,1.0,,0.23904382470119523,0.00199203187250996
2012-10-04,1186259.0,173,554,120.0,0.0,,0.21660649819494585,0.0
2012-10-05,1227916.0,173,693,189.0,0.0,,0.2727272727272727,0.0
2012-10-06,1227334.0,173,500,132.0,0.0,,0.264,0.0
2012-10-07,1127388.0,173,481,186.0,0.0,,0.3866943866943867,0.0
2012-10-08,116793.0,20,376,122.0,0.0,,0.324468085106383,0.0
2012-10-09,104764.0,16,570,142.0,1.0,,0.24912280701754386,0.0017543859649122807
2012-10-10,17761.0,2,640,187.0,0.0,,0.2921875,0.0
2012-10-11,18705.0,2,657,145.0,0.0,,0.2207001522070015,0.0
2012-10-12,475241.0,78,594,150.0,0.0,,0.25252525252525254,0.0
2012-10-13,1142996.0,175,547,143.0,1.0,,0.26142595978062155,0.0018281535648994515
2012-10-14,1074272.0,175,517,173.0,1.0,,0.3346228239845261,0.0019342359767891683
2012-10-15,1139838.0,173,607,141.0,2.0,,0.23228995057660626,0.0032948929159802307
2012-10-16,1144549.0,173,602,172.0,1.0,,0.2857142857142857,0.0016611295681063123
2012-10-17,1150209.0,173,615,163.0,0.0,,0.26504065040650404,0.0
2012-10-18,1187257.0,177,630,141.0,0.0,,0.22380952380952382,0.0
2012-10-19,1789583.0,262,738,201.0,2.0,,0.27235772357723576,0.0027100271002710027
2012-10-20,1847290.0,284,587,188.0,2.0,,0.3202725724020443,0.0034071550255536627
2012-10-21,1716947.0,284,426,139.0,1.0,,0.32629107981220656,0.002347417840375587
2012-10-22,1273102.0,206,609,149.0,2.0,,0.24466338259441708,0.003284072249589491
2012-10-23,745800.0,117,522,127.0,1.0,,0.24329501915708812,0.0019157088122605363
2012-10-24,732794.0,117,494,114.0,0.0,,0.23076923076923078,0.0
2012-10-25,755108.0,116,511,159.0,1.0,,0.3111545988258317,0.0019569471624266144
2012-10-26,772493.0,116,598,166.0,2.0,,0.27759197324414714,0.0033444816053511705
2012-10-27,1519424.0,258,524,143.0,1.0,,0.2729007633587786,0.0019083969465648854
2012-10-28,1342747.0,256,403,131.0,0.0,,0.3250620347394541,0.0
2012-10-29,61743.0,16,298,76.0,0.0,,0.2550335570469799,0.0
2012-10-30,63153.0,15,372,88.0,0.0,,0.23655913978494625,0.0
2013-01-30,183820.0,32,497,114.0,3.0,,0.22937625754527163,0.006036217303822937
2013-01-31,266459.0,49,592,126.0,1.0,,0.21283783783783783,0.0016891891891891893
2013-02-01,370383.0,77,574,140.0,1.0,,0.24390243902439024,0.0017421602787456446
2013-02-02,740337.0,155,534,141.0,0.0,,0.2640449438202247,0.0
2013-02-03,663517.0,162,445,105.0,0.0,,0.23595505617977527,0.0
2013-02-04,752499.0,162,553,116.0,1.0,,0.20976491862567812,0.0018083182640144665
2013-02-05,740158.0,162,566,157.0,1.0,,0.2773851590106007,0.0017667844522968198
2013-02-06,723919.0,162,566,152.0,1.0,,0.26855123674911663,0.0017667844522968198
2013-02-07,743558.0,154,526,126.0,1.0,,0.23954372623574144,0.0019011406844106464
2013-02-08,73934.0,18,703,148.0,0.0,,0.21052631578947367,0.0
2013-02-09,16053.0,3,403,47.0,0.0,,0.11662531017369727,0.0
2013-02-10,13219.0,3,400,80.0,0.0,,0.2,0.0
2013-02-11,17759.0,3,475,131.0,0.0,,0.27578947368421053,0.0
2013-02-12,9740.0,2,498,114.0,0.0,,0.2289156626506024,0.0
2013-02-13,8804.0,2,570,175.0,2.0,,0.30701754385964913,0.0035087719298245615
2013-02-14,8330.0,2,631,147.0,0.0,,0.2329635499207607,0.0
2013-03-02,84826.0,9,474,129.0,1.0,,0.2721518987341772,0.002109704641350211
2013-03-03,76910.0,9,502,147.0,5.0,,0.29282868525896416,0.0099601593625498
2013-03-04,83133.0,9,597,142.0,1.0,,0.23785594639865998,0.0016750418760469012
2013-03-05,86064.0,9,527,154.0,0.0,,0.2922201138519924,0.0
2013-03-06,83513.0,9,475,101.0,0.0,,0.21263157894736842,0.0
2013-03-07,85433.0,9,535,153.0,1.0,,0.28598130841121494,0.001869158878504673
2013-03-08,82009.0,9,851,180.0,1.0,,0.21151586368977673,0.0011750881316098707
2013-03-09,81785.0,9,569,158.0,1.0,,0.27768014059753954,0.0017574692442882249
2013-03-10,78568.0,9,415,113.0,1.0,,0.27228915662650605,0.0024096385542168677
2013-03-11,83036.0,9,522,130.0,3.0,,0.24904214559386972,0.005747126436781609
2013-03-12,64614.0,7,547,135.0,0.0,,0.24680073126142596,0.0
2013-03-13,63878.0,7,636,149.0,1.0,,0.23427672955974843,0.0015723270440251573
2013-03-14,33957.0,3,557,126.0,0.0,,0.22621184919210055,0.0
2013-03-16,19332.0,2,521,152.0,0.0,,0.29174664107485604,0.0
2013-03-17,21131.0,2,426,116.0,2.0,,0.27230046948356806,0.004694835680751174
2013-03-18,8729.0,2,623,121.0,1.0,,0.1942215088282504,0.0016051364365971107
2013-03-19,9437.0,2,559,135.0,0.0,,0.24150268336314848,0.0
2013-03-20,8239.0,2,540,121.0,1.0,,0.22407407407407406,0.001851851851851852
2013-03-21,9605.0,2,508,135.0,0.0,,0.265748031496063,0.0
2013-03-22,10786.0,2,604,148.0,0.0,,0.24503311258278146,0.0
2013-03-23,19129.0,2,488,139.0,1.0,,0.2848360655737705,0.0020491803278688526
2013-03-24,20894.0,2,451,128.0,0.0,,0.2838137472283814,0.0
2013-04-06,35929.0,3,531,154.0,1.0,,0.2900188323917137,0.0018832391713747645
2013-04-07,30833.0,3,451,158.0,0.0,,0.35033259423503327,0.0
2013-04-08,38507.0,4,582,148.0,0.0,,0.2542955326460481,0.0
2013-04-09,38015.0,4,613,166.0,1.0,,0.2707993474714519,0.0016313213703099511
2014-09-13,450362.0,71,558,165.0,0.0,,0.2956989247311828,0.0
2014-09-14,427475.0,71,528,155.0,0.0,,0.2935606060606061,0.0
2014-09-15,449214.0,71,610,144.0,0.0,,0.2360655737704918,0.0
2014-09-16,444793.0,71,613,153.0,1.0,,0.2495921696574225,0.0016313213703099511
2014-09-17,442546.0,71,658,158.0,1.0,,0.24012158054711247,0.001519756838905775
2014-09-18,448486.0,71,650,177.0,3.0,,0.2723076923076923,0.004615384615384616
2014-09-19,470936.0,71,648,143.0,0.0,,0.22067901234567902,0.0
2014-09-20,1052128.0,157,594,159.0,0.0,,0.2676767676767677,0.0
2014-09-21,978251.0,157,515,166.0,1.0,,0.32233009708737864,0.001941747572815534
2014-09-22,579316.0,86,662,176.0,1.0,,0.26586102719033233,0.0015105740181268882
2014-09-23,579634.0,86,592,135.0,2.0,,0.22804054054054054,0.0033783783783783786
2014-09-24,577139.0,86,566,106.0,0.0,,0.1872791519434629,0.0
2014-09-25,555101.0,86,491,108.0,2.0,,0.219959266802444,0.004073319755600814
2014-09-26,599697.0,86,643,175.0,0.0,,0.27216174183514774,0.0
2014-09-27,1409931.0,225,600,175.0,0.0,,0.2916666666666667,0.0
2014-09-28,1275658.0,225,512,144.0,3.0,,0.28125,0.005859375
2014-09-29,829181.0,139,566,123.0,0.0,,0.21731448763250882,0.0
2014-09-30,842867.0,139,589,147.0,1.0,,0.2495755517826825,0.001697792869269949
2014-10-01,856185.0,139,559,133.0,1.0,,0.23792486583184258,0.0017889087656529517
2014-10-02,853067.0,139,558,115.0,0.0,,0.2060931899641577,0.0
2014-10-03,896635.0,139,719,230.0,1.0,,0.3198887343532684,0.0013908205841446453
2014-10-04,1165227.0,210,531,157.0,0.0,,0.295668549905838,0.0
2014-10-05,1111189.0,210,505,150.0,0.0,,0.297029702970297,0.0
2014-10-06,384422.0,71,639,152.0,1.0,,0.2378716744913928,0.001564945226917058
2014-10-07,384775.0,71,620,184.0,1.0,,0.2967741935483871,0.0016129032258064516
2014-10-08,389118.0,71,639,150.0,1.0,,0.2347417840375587,0.001564945226917058
2014-10-09,388148.0,71,499,121.0,0.0,,0.24248496993987975,0.0
2014-10-10,399675.0,71,541,130.0,1.0,,0.24029574861367836,0.0018484288354898336
2014-10-11,1322386.0,204,546,181.0,0.0,,0.3315018315018315,0.0
2014-10-12,1259805.0,204,473,161.0,1.0,,0.3403805496828753,0.0021141649048625794
2014-10-13,889606.0,133,451,138.0,0.0,,0.30598669623059865,0.0
2014-10-14,876561.0,133,697,179.0,1.0,,0.2568149210903874,0.0014347202295552368
2014-10-15,895879.0,133,575,143.0,0.0,,0.24869565217391304,0.0
2014-10-16,883729.0,133,602,175.0,0.0,,0.29069767441860467,0.0
2014-10-17,926492.0,133,648,162.0,3.0,,0.25,0.004629629629629629
2014-10-18,1068044.0,151,494,167.0,0.0,,0.33805668016194335,0.0
2014-10-19,975658.0,151,483,160.0,0.0,,0.33126293995859213,0.0
2014-10-20,90044.0,18,591,136.0,1.0,,0.23011844331641285,0.001692047377326565
2014-10-21,85724.0,18,607,132.0,0.0,,0.21746293245469522,0.0
2014-10-22,86777.0,18,708,191.0,0.0,,0.269774011299435,0.0
2014-10-23,85889.0,18,639,151.0,1.0,,0.23630672926447574,0.001564945226917058
2014-10-24,90556.0,18,669,156.0,1.0,,0.23318385650224216,0.0014947683109118087
2014-10-25,392179.0,69,515,139.0,0.0,,0.26990291262135924,0.0
2014-10-26,340838.0,69,515,134.0,2.0,,0.26019417475728157,0.003883495145631068
2014-10-27,289604.0,51,642,184.0,0.0,,0.2866043613707165,0.0
2014-10-28,298811.0,51,571,114.0,0.0,,0.19964973730297722,0.0
2014-10-29,300262.0,51,556,144.0,2.0,,0.2589928057553957,0.0035971223021582736
2014-10-30,305567.0,51,626,116.0,2.0,,0.1853035143769968,0.003194888178913738
2014-10-31,313247.0,51,668,142.0,0.0,,0.2125748502994012,0.0
2014-11-01,490872.0,83,656,202.0,1.0,,0.3079268292682927,0.001524390243902439
2014-11-02,450039.0,83,532,136.0,0.0,,0.2556390977443609,0.0
2014-11-03,218814.0,32,625,157.0,3.0,,0.2512,0.0048
2014-11-04,212124.0,32,538,127.0,2.0,,0.23605947955390336,0.0037174721189591076
2014-11-05,216171.0,32,554,150.0,1.0,,0.27075812274368233,0.0018050541516245488
2014-11-06,214917.0,32,652,153.0,1.0,,0.23466257668711657,0.0015337423312883436
2014-11-07,219731.0,32,641,171.0,0.0,,0.2667706708268331,0.0
2014-11-08,272452.0,52,543,132.0,2.0,,0.2430939226519337,0.003683241252302026
2014-11-09,263278.0,52,419,101.0,1.0,,0.24105011933174225,0.002386634844868735
2014-11-10,59807.0,20,560,136.0,0.0,,0.24285714285714285,0.0
2014-11-11,57627.0,20,493,123.0,0.0,,0.24949290060851928,0.0
2014-11-12,54747.0,20,547,161.0,1.0,,0.2943327239488117,0.0018281535648994515
2014-11-13,53385.0,20,696,159.0,3.0,,0.22844827586206898,0.004310344827586207
2014-11-14,57028.0,20,654,165.0,0.0,,0.25229357798165136,0.0
2014-11-15,315686.0,82,529,142.0,1.0,,0.2684310018903592,0.001890359168241966
2014-11-16,304588.0,82,429,114.0,0.0,,0.26573426573426573,0.0
2014-11-17,278038.0,62,666,167.0,1.0,,0.25075075075075076,0.0015015015015015015
2014-11-18,297477.0,62,712,149.0,0.0,,0.20926966292134833,0.0
2014-11-19,294618.0,62,633,141.0,1.0,,0.22274881516587677,0.001579778830963665
2014-11-20,294911.0,62,635,113.0,2.0,,0.17795275590551182,0.0031496062992125984
2014-11-21,294591.0,62,677,162.0,0.0,,0.23929098966026588,0.0
2014-11-22,268814.0,62,513,172.0,0.0,,0.33528265107212474,0.0
2014-11-23,235999.0,62,425,129.0,0.0,,0.3035294117647059,0.0
2015-02-07,8339.0,3,449,116.0,0.0,,0.2583518930957684,0.0
2015-02-08,17203.0,4,394,85.0,0.0,,0.21573604060913706,0.0
2015-02-09,13670.0,4,547,111.0,2.0,,0.20292504570383912,0.003656307129798903
2015-02-10,20358.0,4,571,114.0,0.0,,0.19964973730297722,0.0
2015-02-11,21375.0,4,610,131.0,1.0,,0.21475409836065573,0.001639344262295082
2015-02-12,22119.0,4,526,110.0,0.0,,0.20912547528517111,0.0
2015-02-13,21805.0,4,757,147.0,0.0,,0.19418758256274768,0.0
2015-02-14,15719.0,4,436,69.0,0.0,,0.15825688073394495,0.0
2015-02-15,13209.0,4,454,87.0,0.0,,0.19162995594713655,0.0
2015-02-16,4310.0,1,403,74.0,0.0,,0.18362282878411912,0.0
2015-03-07,28210.0,12,578,106.0,1.0,,0.18339100346020762,0.0017301038062283738
2015-03-08,56548.0,12,464,115.0,0.0,,0.2478448275862069,0.0
2015-03-09,76628.0,12,661,155.0,1.0,,0.2344931921331316,0.0015128593040847202
2015-03-10,73841.0,12,584,144.0,0.0,,0.2465753424657534,0.0
2015-03-11,76644.0,12,565,132.0,0.0,,0.2336283185840708,0.0
2015-03-12,76134.0,12,586,112.0,0.0,,0.19112627986348124,0.0
2015-03-13,77325.0,12,609,158.0,0.0,,0.2594417077175698,0.0
2015-03-14,67968.0,12,507,137.0,0.0,,0.2702169625246548,0.0
2015-03-15,68853.0,12,459,94.0,0.0,,0.2047930283224401,0.0
2015-09-12,796624.0,150,554,132.0,2.0,,0.23826714801444043,0.0036101083032490976
2015-09-13,731992.0,150,478,127.0,0.0,,0.26569037656903766,0.0
2015-09-14,797247.0,150,579,151.0,2.0,,0.2607944732297064,0.0034542314335060447
2015-09-15,789624.0,150,579,142.0,0.0,,0.2452504317789292,0.0
2015-09-16,801333.0,150,748,163.0,0.0,,0.2179144385026738,0.0
2015-09-17,819036.0,150,744,163.0,0.0,,0.21908602150537634,0.0
2015-09-18,855420.0,150,760,165.0,1.0,,0.21710526315789475,0.0013157894736842105
2015-09-19,810522.0,150,655,192.0,0.0,,0.2931297709923664,0.0
2015-09-20,739854.0,150,556,153.0,0.0,,0.2751798561151079,0.0
2015-10-03,920609.0,140,556,142.0,0.0,,0.25539568345323743,0.0
2015-10-04,837922.0,140,536,160.0,1.0,,0.29850746268656714,0.0018656716417910447
2015-10-05,860794.0,140,597,140.0,3.0,,0.23450586264656617,0.005025125628140704
2015-10-06,876660.0,140,631,142.0,2.0,,0.22503961965134706,0.003169572107765452
2015-10-07,886225.0,140,668,152.0,0.0,,0.2275449101796407,0.0
2015-10-08,906732.0,140,666,141.0,1.0,,0.21171171171171171,0.0015015015015015015
2015-10-09,960598.0,140,764,159.0,0.0,,0.2081151832460733,0.0
2015-10-10,1343799.0,223,650,172.0,0.0,,0.26461538461538464,0.0
2015-10-11,1200724.0,223,559,154.0,0.0,,0.27549194991055453,0.0
2015-10-12,462503.0,84,505,138.0,1.0,,0.2732673267326733,0.0019801980198019802
2015-10-13,460664.0,84,724,182.0,3.0,,0.2513812154696133,0.004143646408839779
2015-10-14,454941.0,83,658,172.0,4.0,,0.2613981762917933,0.0060790273556231
2015-10-15,454270.0,83,683,155.0,0.0,,0.22693997071742314,0.0
2015-10-16,459090.0,83,676,151.0,0.0,,0.22337278106508876,0.0
2015-10-17,432776.0,83,565,146.0,1.0,,0.2584070796460177,0.0017699115044247787
2015-10-18,394139.0,83,551,148.0,0.0,,0.26860254083484575,0.0
2015-10-22,14557.0,3,666,170.0,0.0,,0.2552552552552553,0.0
2015-10-23,35455.0,3,742,199.0,2.0,,0.26819407008086255,0.0026954177897574125
2015-10-24,478736.0,78,519,111.0,1.0,,0.2138728323699422,0.0019267822736030828
2015-10-25,431670.0,78,522,139.0,1.0,,0.2662835249042146,0.0019157088122605363
2015-10-26,469341.0,78,698,158.0,1.0,,0.22636103151862463,0.0014326647564469914
2015-10-27,453889.0,78,631,137.0,0.0,,0.21711568938193343,0.0
2015-10-28,462018.0,78,689,183.0,0.0,,0.2656023222060958,0.0
2015-10-29,473442.0,78,767,182.0,0.0,,0.23728813559322035,0.0
2015-10-30,470214.0,78,688,162.0,0.0,,0.23546511627906977,0.0
2015-10-31,872455.0,148,357,99.0,0.0,,0.2773109243697479,0.0
2015-11-01,758505.0,147,312,70.0,3.0,,0.22435897435897437,0.009615384615384616
2015-11-02,448476.0,74,613,153.0,0.0,,0.2495921696574225,0.0
2015-11-03,449115.0,74,655,169.0,1.0,,0.2580152671755725,0.0015267175572519084
2015-11-04,461893.0,74,672,167.0,0.0,,0.24851190476190477,0.0
2015-11-05,471184.0,74,690,144.0,2.0,,0.20869565217391303,0.002898550724637681
2015-11-06,493898.0,74,616,134.0,1.0,,0.21753246753246752,0.0016233766233766235
2015-11-07,1005954.0,158,500,121.0,1.0,,0.242,0.002
2015-11-08,870411.0,158,472,131.0,2.0,,0.2775423728813559,0.00423728813559322
2015-11-09,557568.0,84,615,174.0,4.0,,0.28292682926829266,0.0065040650406504065
2015-11-10,554545.0,84,757,192.0,0.0,,0.2536327608982827,0.0
2015-11-11,532912.0,84,530,129.0,0.0,,0.24339622641509434,0.0
2015-11-12,564547.0,84,637,139.0,1.0,,0.21821036106750394,0.0015698587127158557
2015-11-13,597462.0,84,677,144.0,0.0,,0.21270310192023634,0.0
2015-11-14,736921.0,117,613,143.0,0.0,,0.233278955954323,0.0
2015-11-15,654528.0,117,500,133.0,0.0,,0.266,0.0
2015-11-16,208469.0,33,618,155.0,1.0,,0.25080906148867316,0.0016181229773462784
2015-11-17,207235.0,33,684,162.0,0.0,,0.23684210526315788,0.0
2015-11-18,206631.0,33,628,132.0,2.0,,0.21019108280254778,0.0031847133757961785
2015-11-19,206513.0,33,797,200.0,0.0,,0.25094102885821834,0.0
2015-11-20,216789.0,33,819,203.0,0.0,,0.24786324786324787,0.0
2015-11-21,197141.0,33,598,126.0,1.0,,0.21070234113712374,0.0016722408026755853
2015-11-22,167017.0,33,431,116.0,0.0,,0.2691415313225058,0.0
2016-01-30,41981.0,8,596,101.0,1.0,,0.16946308724832215,0.0016778523489932886
2016-01-31,38327.0,8,532,99.0,0.0,,0.18609022556390978,0.0
2016-02-01,46293.0,8,716,150.0,0.0,,0.20949720670391062,0.0
2016-02-02,47339.0,8,711,145.0,0.0,,0.2039381153305204,0.0
2016-02-03,46380.0,8,579,133.0,1.0,,0.229706390328152,0.0017271157167530224
2016-02-04,47382.0,8,609,123.0,0.0,,0.2019704433497537,0.0
2016-02-05,46205.0,8,607,135.0,1.0,,0.22240527182866557,0.0016474464579901153
2016-02-06,45848.0,8,553,135.0,1.0,,0.244122965641953,0.0018083182640144665
2016-02-07,38662.0,8,423,104.0,0.0,,0.2458628841607565,0.0
2016-02-27,78553.0,15,388,112.0,0.0,,0.28865979381443296,0.0
2016-02-28,92094.0,15,509,117.0,5.0,,0.22986247544204322,0.009823182711198428
2016-02-29,106489.0,15,616,152.0,1.0,,0.24675324675324675,0.0016233766233766235
2016-03-01,107342.0,15,662,122.0,0.0,,0.18429003021148035,0.0
2016-03-02,106834.0,15,653,127.0,0.0,,0.19448698315467075,0.0
2016-03-03,110037.0,15,625,121.0,1.0,,0.1936,0.0016
2016-03-04,110405.0,15,685,135.0,0.0,,0.19708029197080293,0.0
2016-03-05,131147.0,21,601,148.0,0.0,,0.24625623960066556,0.0
2016-03-06,116147.0,21,500,123.0,1.0,,0.246,0.002
2016-03-07,35541.0,6,571,115.0,0.0,,0.20140105078809106,0.0
2016-03-08,35508.0,6,632,156.0,0.0,,0.2468354430379747,0.0
2016-03-09,37304.0,6,660,170.0,0.0,,0.25757575757575757,0.0
2016-03-10,36809.0,6,629,146.0,1.0,,0.23211446740858505,0.001589825119236884
2016-03-11,38538.0,6,672,155.0,2.0,,0.23065476190476192,0.002976190476190476
2016-03-12,29172.0,6,625,162.0,0.0,,0.2592,0.0
2016-03-13,22704.0,6,435,111.0,0.0,,0.25517241379310346,0.0
2016-03-19,29481.0,7,540,160.0,1.0,,0.2962962962962963,0.001851851851851852
2016-03-20,23497.0,7,479,189.0,1.0,,0.3945720250521921,0.0020876826722338203
2016-03-21,32773.0,7,617,198.0,0.0,,0.3209076175040519,0.0
2016-03-22,34167.0,7,628,155.0,1.0,,0.24681528662420382,0.0015923566878980893
2016-03-23,35091.0,7,621,156.0,0.0,,0.25120772946859904,0.0
2016-03-24,35653.0,7,635,176.0,0.0,,0.27716535433070866,0.0
2016-03-25,34931.0,7,546,170.0,0.0,,0.31135531135531136,0.0
2016-03-26,29844.0,7,530,157.0,2.0,,0.2962264150943396,0.0037735849056603774
2016-03-27,23004.0,7,459,162.0,0.0,,0.35294117647058826,0.0
2016-10-01,213156.0,42,581,163.0,0.0,,0.28055077452667815,0.0
2016-10-02,191745.0,42,486,154.0,0.0,,0.3168724279835391,0.0
2016-10-03,209044.0,42,490,131.0,0.0,,0.2673469387755102,0.0
2016-10-04,212252.0,42,523,117.0,2.0,,0.2237093690248566,0.0038240917782026767
2016-10-05,209951.0,42,695,174.0,2.0,,0.2503597122302158,0.0028776978417266188
2016-10-06,217117.0,42,764,200.0,0.0,,0.2617801047120419,0.0
2016-10-07,223596.0,42,754,173.0,1.0,,0.22944297082228116,0.001326259946949602
2016-10-08,694557.0,140,633,159.0,1.0,,0.25118483412322273,0.001579778830963665
2016-10-09,635074.0,140,480,120.0,0.0,,0.25,0.0
2016-10-10,488564.0,99,539,158.0,2.0,,0.29313543599257885,0.0037105751391465678
2016-10-11,505664.0,98,739,174.0,0.0,,0.2354533152909337,0.0
2016-10-12,470003.0,98,498,159.0,0.0,,0.3192771084337349,0.0
2016-10-13,502423.0,98,757,177.0,0.0,,0.23381770145310435,0.0
2016-10-14,527478.0,98,767,197.0,2.0,,0.25684485006518903,0.002607561929595828
2016-10-15,755356.0,142,641,163.0,2.0,,0.2542901716068643,0.0031201248049922
2016-10-16,712101.0,142,503,173.0,1.0,,0.34393638170974156,0.0019880715705765406
2016-10-17,258692.0,44,585,159.0,0.0,,0.2717948717948718,0.0
2016-10-18,262122.0,44,590,149.0,1.0,,0.25254237288135595,0.001694915254237288
2016-10-19,276085.0,44,676,180.0,0.0,,0.26627218934911245,0.0
2016-10-20,276811.0,44,662,158.0,0.0,,0.23867069486404835,0.0
2016-10-21,273507.0,44,851,243.0,1.0,,0.28554641598119856,0.0011750881316098707
2016-10-22,265278.0,46,629,202.0,2.0,,0.32114467408585057,0.003179650238473768
2016-10-23,257060.0,46,534,153.0,1.0,,0.28651685393258425,0.0018726591760299626
2016-10-24,8505.0,2,573,143.0,1.0,,0.24956369982547993,0.0017452006980802793
2016-10-25,7545.0,2,566,138.0,0.0,,0.24381625441696114,0.0
2016-10-26,5924.0,2,706,187.0,0.0,,0.26487252124645894,0.0
2016-10-27,5253.0,2,831,198.0,0.0,,0.23826714801444043,0.0
2016-10-28,4885.0,2,798,174.0,1.0,,0.21804511278195488,0.0012531328320802004
2016-10-29,362340.0,70,614,177.0,0.0,,0.28827361563517917,0.0
2016-10-30,376604.0,70,557,175.0,1.0,,0.3141831238779174,0.0017953321364452424
2016-10-31,407606.0,68,655,169.0,0.0,,0.2580152671755725,0.0
2016-11-01,408057.0,68,732,173.0,1.0,,0.23633879781420766,0.001366120218579235
2016-11-02,413550.0,68,665,164.0,1.0,,0.24661654135338346,0.0015037593984962407
2016-11-03,419871.0,68,689,193.0,0.0,,0.28011611030478956,0.0
2016-11-04,409819.0,68,777,241.0,1.0,,0.31016731016731014,0.001287001287001287
2016-11-05,384059.0,70,626,170.0,1.0,,0.2715654952076677,0.001597444089456869
2016-11-06,398179.0,70,532,142.0,0.0,,0.2669172932330827,0.0
2016-11-07,13301.0,2,699,198.0,1.0,,0.2832618025751073,0.001430615164520744
2016-11-08,13974.0,2,620,194.0,2.0,,0.31290322580645163,0.0032258064516129032
2016-11-09,12995.0,2,541,134.0,1.0,,0.2476894639556377,0.0018484288354898336
2016-11-10,13862.0,2,706,154.0,0.0,,0.21813031161473087,0.0
2016-11-11,12418.0,2,665,168.0,0.0,,0.25263157894736843,0.0
2016-11-12,355853.0,60,603,157.0,0.0,,0.2603648424543947,0.0
2016-11-13,370470.0,60,518,161.0,3.0,,0.3108108108108108,0.005791505791505791
2016-11-14,336495.0,58,668,158.0,0.0,,0.23652694610778444,0.0
2016-11-15,347355.0,58,741,193.0,1.0,,0.26045883940620784,0.001349527665317139
2016-11-16,341288.0,58,705,163.0,0.0,,0.23120567375886525,0.0
2016-11-17,361316.0,58,707,168.0,2.0,,0.2376237623762376,0.002828854314002829
2016-11-18,341311.0,58,776,213.0,1.0,,0.27448453608247425,0.001288659793814433
2016-11-19,342743.0,58,692,228.0,2.0,,0.32947976878612717,0.002890173410404624
2016-11-20,361789.0,58,529,169.0,0.0,,0.31947069943289225,0.0
2016-11-26,11672.0,2,463,119.0,0.0,,0.2570194384449244,0.0
2016-11-27,10711.0,2,466,101.0,0.0,,0.2167381974248927,0.0
2016-11-28,12730.0,2,647,142.0,0.0,,0.21947449768160743,0.0
2016-11-29,12992.0,2,752,236.0,0.0,,0.31382978723404253,0.0
2016-11-30,13106.0,2,730,194.0,0.0,,0.26575342465753427,0.0
2016-12-01,12555.0,2,734,191.0,1.0,,0.26021798365122617,0.0013623978201634877
2016-12-02,14280.0,2,690,159.0,0.0,,0.23043478260869565,0.0
2016-12-03,13681.0,2,592,165.0,1.0,,0.27871621621621623,0.0016891891891891893
2016-12-04,12042.0,2,482,133.0,2.0,,0.27593360995850624,0.004149377593360996
2017-01-14,13747.0,2,495,149.0,0.0,,0.301010101010101,0.0
2017-01-15,13636.0,2,490,138.0,0.0,,0.2816326530612245,0.0
2017-01-16,11697.0,2,477,125.0,0.0,,0.2620545073375262,0.0
2017-01-17,6524.0,2,657,199.0,0.0,,0.3028919330289193,0.0
2017-01-18,4916.0,2,549,146.0,2.0,,0.2659380692167577,0.0036429872495446266
2017-01-19,5659.0,2,610,138.0,1.0,,0.2262295081967213,0.001639344262295082
2017-01-20,2460.0,1,605,130.0,0.0,,0.21487603305785125,0.0
2017-01-21,4739.0,1,475,128.0,0.0,,0.2694736842105263,0.0
2017-01-22,6054.0,1,411,123.0,0.0,,0.29927007299270075,0.0
2017-03-04,112266.0,18,536,131.0,0.0,,0.24440298507462688,0.0
2017-03-05,104666.0,18,489,124.0,0.0,,0.25357873210633947,0.0
2017-03-06,111616.0,18,618,128.0,0.0,,0.20711974110032363,0.0
2017-03-07,115146.0,18,637,117.0,4.0,,0.1836734693877551,0.006279434850863423
2017-03-08,119442.0,18,609,135.0,0.0,,0.22167487684729065,0.0
2017-03-09,119864.0,18,665,162.0,1.0,,0.24360902255639097,0.0015037593984962407
2017-03-10,115401.0,18,612,167.0,0.0,,0.272875816993464,0.0
2017-03-11,108039.0,18,548,155.0,0.0,,0.28284671532846717,0.0
2017-03-12,100347.0,18,516,142.0,1.0,,0.2751937984496124,0.001937984496124031
2017-03-18,11650.0,4,504,119.0,0.0,,0.2361111111111111,0.0
2017-03-19,11075.0,4,550,120.0,1.0,,0.21818181818181817,0.0018181818181818182
2017-03-20,13272.0,4,750,189.0,1.0,,0.252,0.0013333333333333333
2017-03-21,14310.0,4,636,142.0,0.0,,0.22327044025157233,0.0
2017-03-22,14158.0,4,617,151.0,0.0,,0.24473257698541329,0.0
2017-03-23,14664.0,4,703,180.0,3.0,,0.25604551920341395,0.004267425320056899
2017-03-24,15725.0,4,654,163.0,0.0,,0.2492354740061162,0.0
2017-03-25,11959.0,4,571,152.0,0.0,,0.266199649737303,0.0
2017-03-26,10992.0,4,456,120.0,0.0,,0.2631578947368421,0.0
2017-09-09,471753.0,72,608,205.0,0.0,,0.3371710526315789,0.0
2017-09-10,425985.0,72,533,162.0,2.0,,0.30393996247654786,0.00375234521575985
2017-09-11,474545.0,72,735,196.0,0.0,,0.26666666666666666,0.0
2017-09-12,477159.0,72,680,173.0,1.0,,0.25441176470588234,0.0014705882352941176
2017-09-13,478529.0,72,738,202.0,3.0,,0.27371273712737126,0.0040650406504065045
2017-09-14,483247.0,72,728,166.0,2.0,,0.22802197802197802,0.0027472527472527475
2017-09-15,504792.0,72,827,254.0,0.0,,0.30713422007255137,0.0
2017-09-16,476091.0,72,623,170.0,1.0,,0.27287319422150885,0.0016051364365971107
2017-09-17,428263.0,72,586,202.0,0.0,,0.3447098976109215,0.0
2017-09-23,636047.0,93,631,208.0,0.0,,0.329635499207607,0.0
2017-09-24,591992.0,93,587,189.0,1.0,,0.3219761499148211,0.0017035775127768314
2017-09-25,650011.0,93,726,138.0,1.0,,0.19008264462809918,0.0013774104683195593
2017-09-26,647162.0,93,656,217.0,1.0,,0.3307926829268293,0.001524390243902439
2017-09-27,651373.0,93,696,177.0,1.0,,0.2543103448275862,0.0014367816091954023
2017-09-28,647088.0,93,740,206.0,0.0,,0.27837837837837837,0.0
2017-09-29,668237.0,93,757,215.0,0.0,,0.28401585204755614,0.0
2017-09-30,1109252.0,162,550,143.0,4.0,,0.26,0.007272727272727273
2017-10-01,1066754.0,162,571,164.0,1.0,,0.287215411558669,0.0017513134851138354
2017-10-02,487825.0,69,739,198.0,0.0,,0.2679296346414073,0.0
2017-10-03,483215.0,69,687,142.0,1.0,,0.2066957787481805,0.001455604075691412
2017-10-04,492461.0,69,711,209.0,0.0,,0.2939521800281294,0.0
2017-10-05,503273.0,69,657,163.0,0.0,,0.2480974124809741,0.0
2017-10-06,512657.0,69,649,183.0,2.0,,0.28197226502311246,0.0030816640986132513
2017-10-07,1000025.0,144,570,177.0,0.0,,0.3105263157894737,0.0
2017-10-08,923351.0,144,521,136.0,0.0,,0.26103646833013433,0.0
2017-10-09,467191.0,75,546,183.0,0.0,,0.33516483516483514,0.0
2017-10-10,532920.0,75,768,241.0,1.0,,0.3138020833333333,0.0013020833333333333
2017-10-11,535644.0,75,628,170.0,0.0,,0.27070063694267515,0.0
2017-10-12,540754.0,75,603,168.0,0.0,,0.27860696517412936,0.0
2017-10-13,553641.0,75,658,157.0,1.0,,0.23860182370820668,0.001519756838905775
2017-10-14,507689.0,75,567,164.0,0.0,,0.2892416225749559,0.0
2017-10-15,463873.0,75,496,151.0,1.0,,0.30443548387096775,0.0020161290322580645
2017-10-21,93612.0,15,583,163.0,3.0,,0.27958833619210977,0.005145797598627788
2017-10-22,80853.0,15,528,167.0,1.0,,0.3162878787878788,0.001893939393939394
2017-10-23,96055.0,15,669,179.0,0.0,,0.26756352765321373,0.0
2017-10-24,97214.0,15,685,148.0,1.0,,0.21605839416058395,0.00145985401459854
2017-10-25,98878.0,15,648,165.0,1.0,,0.25462962962962965,0.0015432098765432098
2017-10-26,103405.0,15,658,130.0,0.0,,0.19756838905775076,0.0
2017-10-27,107316.0,15,759,225.0,0.0,,0.2964426877470356,0.0
2017-10-28,550366.0,88,615,180.0,0.0,,0.2926829268292683,0.0
2017-10-29,520554.0,88,613,233.0,0.0,,0.3800978792822186,0.0
2017-10-30,451517.0,73,832,212.0,0.0,,0.2548076923076923,0.0
2017-10-31,456232.0,73,696,178.0,10.0,,0.2557471264367816,0.014367816091954023
2017-11-01,461065.0,73,607,173.0,2.0,,0.28500823723228996,0.0032948929159802307
2017-11-02,451595.0,73,746,186.0,1.0,,0.24932975871313673,0.0013404825737265416
2017-11-03,463597.0,73,776,190.0,0.0,,0.24484536082474226,0.0
2017-11-04,822709.0,136,613,163.0,0.0,,0.265905383360522,0.0
2017-11-05,782971.0,136,519,161.0,0.0,,0.31021194605009633,0.0
2017-11-06,357372.0,63,682,167.0,2.0,,0.24486803519061584,0.002932551319648094
2017-11-07,360724.0,63,710,181.0,2.0,,0.2549295774647887,0.0028169014084507044
2017-11-08,361579.0,63,662,140.0,0.0,,0.21148036253776434,0.0
2017-11-09,369050.0,63,702,180.0,1.0,,0.2564102564102564,0.0014245014245014246
2017-11-10,382469.0,63,724,158.0,3.0,,0.21823204419889503,0.004143646408839779
2017-11-11,877333.0,153,623,152.0,0.0,,0.24398073836276082,0.0
2017-11-12,862131.0,153,539,141.0,2.0,,0.26159554730983303,0.0037105751391465678
2017-11-13,539513.0,90,699,141.0,1.0,,0.2017167381974249,0.001430615164520744
2017-11-14,543072.0,90,647,145.0,1.0,,0.2241112828438949,0.0015455950540958269
2017-11-15,556144.0,90,713,193.0,0.0,,0.270687237026648,0.0
2017-11-16,551056.0,90,811,251.0,0.0,,0.3094944512946979,0.0
2017-11-17,562030.0,90,814,191.0,1.0,,0.23464373464373464,0.0012285012285012285
2017-11-18,524012.0,90,629,174.0,2.0,,0.2766295707472178,0.003179650238473768
2017-11-19,508662.0,90,573,177.0,0.0,,0.3089005235602094,0.0
2018-01-20,127955.0,21,530,141.0,0.0,,0.2660377358490566,0.0
2018-01-21,111310.0,21,418,126.0,1.0,,0.3014354066985646,0.0023923444976076554
2018-01-22,131488.0,21,559,164.0,0.0,,0.29338103756708406,0.0
2018-01-23,134593.0,21,531,156.0,1.0,,0.2937853107344633,0.0018832391713747645
2018-01-24,135247.0,21,615,152.0,0.0,,0.24715447154471545,0.0
2018-01-25,136339.0,21,602,167.0,1.0,,0.27740863787375414,0.0016611295681063123
2018-01-26,139425.0,21,677,191.0,1.0,,0.2821270310192024,0.0014771048744460858
2018-01-27,124268.0,21,510,144.0,0.0,,0.2823529411764706,0.0
2018-01-28,110149.0,21,412,103.0,0.0,,0.25,0.0
2018-03-03,105360.0,18,609,154.0,0.0,,0.25287356321839083,0.0
2018-03-04,96040.0,18,457,122.0,0.0,,0.26695842450765866,0.0
2018-03-05,101434.0,18,616,121.0,2.0,,0.19642857142857142,0.003246753246753247
2018-03-06,107315.0,18,676,162.0,0.0,,0.23964497041420119,0.0
2018-03-07,34886.0,6,517,140.0,1.0,,0.27079303675048355,0.0019342359767891683
2018-03-08,44824.0,6,633,146.0,0.0,,0.23064770932069512,0.0
2018-03-09,103497.0,18,751,163.0,0.0,,0.2170439414114514,0.0
2018-03-10,82393.0,16,567,122.0,2.0,,0.21516754850088182,0.003527336860670194
2018-03-11,50207.0,14,465,143.0,0.0,,0.30752688172043013,0.0
2018-03-12,101996.0,18,679,142.0,1.0,,0.20913107511045656,0.0014727540500736377
2018-03-13,104745.0,18,578,147.0,1.0,,0.25432525951557095,0.0017301038062283738
2018-03-14,102255.0,18,652,133.0,0.0,,0.20398773006134968,0.0
2018-03-15,105678.0,18,689,211.0,1.0,,0.3062409288824383,0.001451378809869376
2018-04-07,384027.0,73,487,136.0,0.0,,0.2792607802874743,0.0
2018-04-08,354456.0,73,468,95.0,1.0,,0.202991452991453,0.002136752136752137
2018-04-09,407361.0,73,625,146.0,1.0,,0.2336,0.0016
2018-04-10,409945.0,73,668,187.0,0.0,,0.27994011976047906,0.0
2018-04-11,418804.0,73,612,156.0,0.0,,0.2549019607843137,0.0
2018-04-12,422414.0,73,610,148.0,0.0,,0.24262295081967214,0.0
2018-04-13,437506.0,73,755,185.0,0.0,,0.24503311258278146,0.0
2018-04-14,408637.0,72,624,213.0,0.0,,0.34134615384615385,0.0
2018-04-15,335571.0,72,510,153.0,0.0,,0.3,0.0
2019-09-21,739811.0,126,577,187.0,2.0,74.08977773058547,0.3240901213171577,0.0034662045060658577
2019-09-22,689145.0,126,515,207.0,2.0,76.80929133226982,0.40194174757281553,0.003883495145631068
2019-09-23,766075.0,126,639,182.0,0.0,80.76238082313621,0.28482003129890454,0.0
2019-09-24,796772.0,126,628,207.0,1.0,73.26396559251651,0.32961783439490444,0.0015923566878980893
2019-09-25,817961.0,126,604,181.0,1.0,70.95407678234184,0.2996688741721854,0.0016556291390728477
2019-09-26,828890.0,126,645,185.0,0.0,71.58791497477928,0.2868217054263566,0.0
2019-09-27,841146.0,126,703,222.0,1.0,69.30137223403447,0.3157894736842105,0.001422475106685633
2019-09-28,838566.0,136,532,173.0,0.0,73.91716487648253,0.325187969924812,0.0
2019-09-29,775531.0,136,488,153.0,1.0,75.2567972536839,0.3135245901639344,0.0020491803278688526
2019-09-30,83587.0,10,435,113.0,0.0,66.97024333100094,0.2597701149425287,0.0
2019-10-01,78345.0,10,454,147.0,1.0,72.90450897068106,0.3237885462555066,0.0022026431718061676
2019-10-02,75765.0,10,688,180.0,0.0,79.60785133384088,0.2616279069767442,0.0
2019-10-03,70134.0,10,690,190.0,3.0,57.7742663283357,0.2753623188405797,0.004347826086956522
2019-10-04,71119.0,10,708,202.0,2.0,60.55121419577904,0.2853107344632768,0.002824858757062147
2019-10-05,1953029.0,291,557,158.0,1.0,54.9658587667497,0.2836624775583483,0.0017953321364452424
2019-10-06,1856714.0,291,435,134.0,0.0,65.70590649593603,0.3080459770114943,0.0
2019-10-07,1812153.0,281,575,157.0,0.0,71.66444711987252,0.27304347826086955,0.0
2019-10-08,1816397.0,281,523,172.0,1.0,61.44677152186497,0.32887189292543023,0.0019120458891013384
2019-10-09,1845857.0,281,383,124.0,0.0,56.155623898327434,0.3237597911227154,0.0
2019-10-10,1858170.0,281,615,166.0,0.0,61.4899807207932,0.26991869918699185,0.0
2019-10-11,1904977.0,281,606,184.0,0.0,60.312733219200894,0.30363036303630364,0.0
2019-10-12,2624892.0,391,502,158.0,2.0,61.7052384324941,0.3147410358565737,0.00398406374501992
2019-10-13,2453935.0,391,441,130.0,1.0,61.46702847026676,0.2947845804988662,0.0022675736961451248
2019-10-14,704698.0,110,400,122.0,0.0,65.48442113241265,0.305,0.0
2019-10-15,721014.0,110,549,156.0,0.0,60.416315149065156,0.28415300546448086,0.0
2019-10-16,721099.0,110,658,189.0,2.0,,0.2872340425531915,0.00303951367781155
2019-10-17,744470.0,110,608,149.0,0.0,,0.2450657894736842,0.0
2019-10-18,767452.0,110,634,169.0,0.0,,0.2665615141955836,0.0
2019-10-19,800194.0,118,586,193.0,0.0,,0.3293515358361775,0.0
2019-10-20,737126.0,118,500,158.0,1.0,,0.316,0.002
2019-10-21,47385.0,8,559,145.0,0.0,,0.259391771019678,0.0
2019-10-22,50392.0,8,562,158.0,1.0,,0.28113879003558717,0.0017793594306049821
2019-10-23,52493.0,8,669,209.0,0.0,,0.312406576980568,0.0
2019-10-24,53917.0,8,613,185.0,0.0,,0.30179445350734097,0.0
2019-10-25,46140.0,8,647,195.0,0.0,,0.30139103554868624,0.0
2019-10-26,40993.0,8,525,204.0,0.0,,0.38857142857142857,0.0
2019-10-27,44219.0,8,467,159.0,1.0,,0.3404710920770878,0.0021413276231263384
2019-11-02,630839.0,101,506,155.0,1.0,,0.30632411067193677,0.001976284584980237
2019-11-03,565536.0,101,479,132.0,0.0,,0.2755741127348643,0.0
2019-11-04,632662.0,101,623,179.0,0.0,,0.28731942215088285,0.0
2019-11-05,617759.0,101,440,144.0,1.0,,0.32727272727272727,0.0022727272727272726
2019-11-06,635458.0,101,615,144.0,1.0,,0.23414634146341465,0.0016260162601626016
2019-11-07,639090.0,101,669,178.0,2.0,,0.26606875934230195,0.0029895366218236174
2019-11-08,667332.0,101,676,173.0,0.0,,0.2559171597633136,0.0
2019-11-09,668189.0,107,502,136.0,2.0,,0.27091633466135456,0.00398406374501992
2019-11-10,600832.0,107,457,114.0,0.0,,0.24945295404814005,0.0
2019-11-11,35301.0,6,481,143.0,0.0,,0.2972972972972973,0.0
2019-11-12,40285.0,6,595,172.0,0.0,,0.28907563025210087,0.0
2019-11-13,37307.0,6,599,166.0,0.0,,0.27712854757929883,0.0
2019-11-14,39621.0,6,545,141.0,0.0,,0.25871559633027524,0.0
2019-11-15,43199.0,6,621,174.0,0.0,,0.28019323671497587,0.0
2019-11-16,105589.0,13,527,160.0,3.0,,0.3036053130929791,0.0056925996204933585
2019-11-17,100079.0,13,444,104.0,1.0,,0.23423423423423423,0.0022522522522522522
2019-11-18,68047.0,7,743,231.0,0.0,,0.31090174966352624,0.0
2019-11-19,64346.0,7,630,146.0,0.0,,0.23174603174603176,0.0
2019-11-20,74083.0,7,526,129.0,0.0,,0.24524714828897337,0.0
2019-11-21,72096.0,7,647,186.0,0.0,,0.2874806800618238,0.0
2019-11-22,74056.0,7,633,155.0,1.0,,0.24486571879936808,0.001579778830963665
2019-11-23,65725.0,7,528,162.0,2.0,,0.3068181818181818,0.003787878787878788
2019-11-24,62777.0,7,517,176.0,0.0,,0.3404255319148936,0.0
2020-10-03,304547.0,53,323,168.0,2.0,,0.5201238390092879,0.006191950464396285
2020-10-04,267826.0,53,269,129.0,0.0,,0.4795539033457249,0.0
2020-10-05,324351.0,53,302,128.0,2.0,,0.423841059602649,0.006622516556291391
2020-10-06,343259.0,56,325,149.0,5.0,,0.4584615384615385,0.015384615384615385
2020-10-07,345026.0,56,308,131.0,0.0,,0.4253246753246753,0.0
2020-10-08,348969.0,56,332,150.0,2.0,,0.45180722891566266,0.006024096385542169
2020-10-09,343368.0,53,330,131.0,0.0,,0.396969696969697,0.0
2020-10-10,1604119.0,272,277,140.0,1.0,,0.5054151624548736,0.0036101083032490976
2020-10-11,1412585.0,272,248,127.0,0.0,,0.5120967741935484,0.0
2020-10-12,1192224.0,219,323,170.0,0.0,,0.5263157894736842,0.0
2020-10-13,1276289.0,219,323,133.0,0.0,,0.4117647058823529,0.0
2020-10-14,1339666.0,219,333,139.0,0.0,,0.4174174174174174,0.0
2020-10-15,1347736.0,219,311,141.0,3.0,,0.4533762057877814,0.00964630225080386
2020-10-16,1355537.0,219,304,120.0,1.0,,0.39473684210526316,0.003289473684210526
2020-10-17,1498231.0,253,335,167.0,1.0,,0.49850746268656715,0.0029850746268656717
2020-10-18,1337252.0,253,305,158.0,4.0,,0.5180327868852459,0.013114754098360656
2020-10-19,219920.0,34,276,80.0,0.0,,0.2898550724637681,0.0
2020-10-20,219494.0,34,336,144.0,1.0,,0.42857142857142855,0.002976190476190476
2020-10-21,226575.0,34,338,161.0,0.0,,0.47633136094674555,0.0
2020-10-22,226628.0,34,264,118.0,1.0,,0.44696969696969696,0.003787878787878788
2020-10-23,227312.0,34,337,149.0,0.0,,0.4421364985163205,0.0
2020-10-24,251386.0,39,301,151.0,0.0,,0.5016611295681063,0.0
2020-10-25,215113.0,39,281,135.0,0.0,,0.4804270462633452,0.0
2020-10-26,41014.0,5,314,162.0,2.0,,0.5159235668789809,0.006369426751592357
2020-10-27,42058.0,5,262,108.0,0.0,,0.4122137404580153,0.0
2020-10-28,42080.0,5,309,134.0,0.0,,0.4336569579288026,0.0
2020-10-29,40749.0,5,334,146.0,1.0,,0.437125748502994,0.0029940119760479044
2020-10-30,43014.0,5,394,155.0,2.0,,0.3934010152284264,0.005076142131979695
2020-10-31,39833.0,5,334,153.0,0.0,,0.45808383233532934,0.0
2020-11-01,37731.0,5,308,149.0,1.0,,0.4837662337662338,0.003246753246753247
2020-11-07,253751.0,43,329,173.0,2.0,,0.5258358662613982,0.0060790273556231
2020-11-08,206203.0,43,326,144.0,0.0,,0.44171779141104295,0.0
2020-11-09,246710.0,43,318,173.0,1.0,,0.5440251572327044,0.0031446540880503146
2020-11-10,254405.0,43,343,176.0,0.0,,0.5131195335276968,0.0
2020-11-11,257227.0,43,300,158.0,0.0,,0.5266666666666666,0.0
2020-11-12,261487.0,43,327,149.0,2.0,,0.45565749235474007,0.0061162079510703364
2020-11-13,262892.0,43,391,161.0,2.0,,0.4117647058823529,0.005115089514066497
2020-11-14,1818720.0,314,298,127.0,1.0,,0.4261744966442953,0.003355704697986577
2020-11-15,1545264.0,314,251,94.0,0.0,,0.3745019920318725,0.0
2020-11-16,1638142.0,271,305,130.0,2.0,,0.4262295081967213,0.006557377049180328
2020-11-17,1657360.0,271,261,113.0,0.0,,0.4329501915708812,0.0
2020-11-18,1665267.0,271,295,142.0,0.0,,0.48135593220338985,0.0
2020-11-19,1699199.0,271,279,120.0,0.0,,0.43010752688172044,0.0
2020-11-20,1758151.0,271,358,162.0,3.0,,0.45251396648044695,0.008379888268156424
2020-11-21,1590560.0,271,314,149.0,0.0,,0.4745222929936306,0.0
2020-11-22,1354785.0,271,222,96.0,3.0,,0.43243243243243246,0.013513513513513514
2020-12-05,5402.0,1,278,114.0,0.0,,0.41007194244604317,0.0
2020-12-06,4974.0,1,241,95.0,0.0,,0.3941908713692946,0.0
2020-12-07,6163.0,1,281,118.0,1.0,,0.4199288256227758,0.0035587188612099642
2020-12-08,6593.0,1,282,150.0,1.0,,0.5319148936170213,0.0035460992907801418
2020-12-09,8426.0,1,280,114.0,2.0,,0.40714285714285714,0.007142857142857143
2020-12-10,8536.0,1,311,149.0,1.0,,0.4790996784565916,0.003215434083601286
2020-12-11,6647.0,1,348,158.0,1.0,,0.4540229885057471,0.0028735632183908046
2020-12-12,5496.0,1,285,114.0,3.0,,0.4,0.010526315789473684
2020-12-13,4455.0,1,265,137.0,0.0,,0.5169811320754717,0.0
2021-05-01,267707.0,54,318,174.0,1.0,,0.5471698113207547,0.0031446540880503146
2021-05-02,225631.0,54,330,216.0,1.0,,0.6545454545454545,0.0030303030303030303
2021-05-03,246022.0,54,316,186.0,1.0,,0.5886075949367089,0.0031645569620253164
2021-05-04,258682.0,54,345,166.0,0.0,,0.4811594202898551,0.0
2021-05-05,247664.0,54,339,143.0,0.0,,0.4218289085545723,0.0
2021-05-06,270886.0,54,339,154.0,1.0,,0.45427728613569324,0.0029498525073746312
2021-05-07,283466.0,54,319,139.0,0.0,,0.43573667711598746,0.0
2021-05-08,267886.0,54,305,149.0,0.0,,0.4885245901639344,0.0
2021-05-09,228572.0,54,266,133.0,1.0,,0.5,0.0037593984962406013
